Group,Conversion Rate
Control,0.01785410644448223
Test,0.025546559636683747
